,Predicted,Actual,Difference
0,7.534614562988281,7.65,0.1153854370117191
1,7.570647239685059,7.426,0.14464723968505844
2,7.554795742034912,7.415,0.13979574203491207
3,7.551628589630127,7.594,0.04237141036987335
4,7.470179557800293,7.304,0.1661795578002927
5,7.462531089782715,7.413,0.04953108978271459
6,7.42746114730835,7.245,0.1824611473083495
7,7.290970325469971,7.415,0.12402967453002933
8,7.319955348968506,7.175,0.14495534896850604
