,Predicted,Actual,Difference
0,7.78747034072876,6.837,0.95047034072876
1,7.719421863555908,7.038,0.681421863555908
2,7.742496967315674,6.66,1.0824969673156737
3,7.658865451812744,7.14,0.5188654518127445
4,7.465400218963623,6.981,0.4844002189636232
5,7.416250705718994,6.547,0.8692507057189944
6,7.31801700592041,6.375,0.9430170059204102
7,7.329683780670166,6.333,0.9966837806701658
8,7.29559326171875,6.191,1.1045932617187502
